League of Legends,2016
Counter-Strike: Global Offensive,2016
Dota 2,2016
Hearthstone,2016
Call of Duty: Black Ops III,2016
Minecraft,2016
World of Warcraft,2016
Z1: Battle Royale,2016
Talk Shows & Podcasts,2016
FIFA 16,2016
StarCraft II,2016
Diablo III,2016
League of Legends,2016
Counter-Strike: Global Offensive,2016
Dota 2,2016
Hearthstone,2016
Call of Duty: Black Ops III,2016
Minecraft,2016
Talk Shows & Podcasts,2016
Z1: Battle Royale,2016
XCOM 2,2016
World of Warcraft,2016
StarCraft II,2016
Destiny,2016
League of Legends,2016
Counter-Strike: Global Offensive,2016
Dota 2,2016
Hearthstone,2016
Tom Clancy's The Division,2016
Call of Duty: Black Ops III,2016
Minecraft,2016
Talk Shows & Podcasts,2016
World of Warcraft,2016
Stardew Valley,2016
Dark Souls III,2016
The Culling,2016
League of Legends,2016
Counter-Strike: Global Offensive,2016
Dota 2,2016
Hearthstone,2016
Dark Souls III,2016
Call of Duty: Black Ops III,2016
World of Warcraft,2016
Minecraft,2016
Tom Clancy's The Division,2016
Talk Shows & Podcasts,2016
World of Tanks,2016
Destiny,2016
League of Legends,2016
Hearthstone,2016
Dota 2,2016
Counter-Strike: Global Offensive,2016
Overwatch,2016
Call of Duty: Black Ops III,2016
World of Warcraft,2016
Dark Souls III,2016
Minecraft,2016
RuneScape,2016
Talk Shows & Podcasts,2016
FIFA 16,2016
League of Legends,2016
Dota 2,2016
Counter-Strike: Global Offensive,2016
Hearthstone,2016
Overwatch,2016
E3 2016,2016
Dead by Daylight,2016
Call of Duty: Black Ops III,2016
World of Warcraft,2016
Minecraft,2016
RuneScape,2016
Talk Shows & Podcasts,2016
League of Legends,2016
Counter-Strike: Global Offensive,2016
Dota 2,2016
Hearthstone,2016
Overwatch,2016
Call of Duty: Black Ops III,2016
Dead by Daylight,2016
World of Warcraft,2016
Minecraft,2016
Pok<U+00E9>mon GO,2016
Talk Shows & Podcasts,2016
Destiny,2016
League of Legends,2016
Dota 2,2016
Hearthstone,2016
Counter-Strike: Global Offensive,2016
World of Warcraft,2016
Overwatch,2016
No Man's Sky,2016
Call of Duty: Black Ops III,2016
Dead by Daylight,2016
Talk Shows & Podcasts,2016
Destiny,2016
Minecraft,2016
League of Legends,2016
Hearthstone,2016
Counter-Strike: Global Offensive,2016
World of Warcraft,2016
Dota 2,2016
Overwatch,2016
Call of Duty: Black Ops III,2016
Destiny,2016
Z1: Battle Royale,2016
Talk Shows & Podcasts,2016
Dead by Daylight,2016
Poker,2016
League of Legends,2016
Hearthstone,2016
Counter-Strike: Global Offensive,2016
Dota 2,2016
World of Warcraft,2016
Overwatch,2016
Z1: Battle Royale,2016
Destiny,2016
FIFA 17,2016
Battlefield 1,2016
Talk Shows & Podcasts,2016
Minecraft,2016
League of Legends,2016
Hearthstone,2016
Dota 2,2016
Counter-Strike: Global Offensive,2016
Overwatch,2016
World of Warcraft,2016
Z1: Battle Royale,2016
FIFA 17,2016
Talk Shows & Podcasts,2016
Minecraft,2016
Call of Duty: Infinite Warfare,2016
Destiny,2016
League of Legends,2016
Hearthstone,2016
Dota 2,2016
Counter-Strike: Global Offensive,2016
Overwatch,2016
Z1: Battle Royale,2016
World of Warcraft,2016
Talk Shows & Podcasts,2016
Minecraft,2016
FIFA 17,2016
Destiny,2016
RuneScape,2016
League of Legends,2017
Counter-Strike: Global Offensive,2017
Dota 2,2017
Hearthstone,2017
Overwatch,2017
Z1: Battle Royale,2017
World of Warcraft,2017
Resident Evil 7 biohazard,2017
Minecraft,2017
FIFA 17,2017
Talk Shows & Podcasts,2017
RuneScape,2017
League of Legends,2017
Counter-Strike: Global Offensive,2017
Hearthstone,2017
Dota 2,2017
Overwatch,2017
Z1: Battle Royale,2017
For Honor,2017
World of Warcraft,2017
Conan Exiles,2017
Nioh,2017
FIFA 17,2017
IRL,2017
League of Legends,2017
Hearthstone,2017
Dota 2,2017
Counter-Strike: Global Offensive,2017
PLAYERUNKNOWN'S BATTLEGROUNDS,2017
Overwatch,2017
The Legend of Zelda: Breath of the Wild,2017
Z1: Battle Royale,2017
World of Warcraft,2017
IRL,2017
Power Rangers: Battle for the Grid,2017
FIFA 17,2017
League of Legends,2017
Hearthstone,2017
Dota 2,2017
PLAYERUNKNOWN'S BATTLEGROUNDS,2017
Counter-Strike: Global Offensive,2017
Overwatch,2017
Grand Theft Auto V,2017
IRL,2017
World of Warcraft,2017
Destiny,2017
Z1: Battle Royale,2017
Casino_old,2017
League of Legends,2017
PLAYERUNKNOWN'S BATTLEGROUNDS,2017
Hearthstone,2017
Dota 2,2017
Counter-Strike: Global Offensive,2017
Overwatch,2017
Grand Theft Auto V,2017
IRL,2017
Heroes of the Storm,2017
World of Warcraft,2017
Friday the 13th: The Game,2017
FIFA 17,2017
League of Legends,2017
PLAYERUNKNOWN'S BATTLEGROUNDS,2017
Dota 2,2017
Hearthstone,2017
Overwatch,2017
Counter-Strike: Global Offensive,2017
E3 2017,2017
Grand Theft Auto V,2017
IRL,2017
World of Warcraft,2017
Friday the 13th: The Game,2017
Heroes of the Storm,2017
League of Legends,2017
Counter-Strike: Global Offensive,2017
PLAYERUNKNOWN'S BATTLEGROUNDS,2017
Hearthstone,2017
Dota 2,2017
Overwatch,2017
Grand Theft Auto V,2017
IRL,2017
World of Warcraft,2017
Heroes of the Storm,2017
Minecraft,2017
RuneScape,2017
PLAYERUNKNOWN'S BATTLEGROUNDS,2017
League of Legends,2017
Dota 2,2017
Hearthstone,2017
Counter-Strike: Global Offensive,2017
IRL,2017
Overwatch,2017
Grand Theft Auto V,2017
Path of Exile,2017
World of Warcraft,2017
Heroes of the Storm,2017
Minecraft,2017
League of Legends,2017
PLAYERUNKNOWN'S BATTLEGROUNDS,2017
Hearthstone,2017
Dota 2,2017
Counter-Strike: Global Offensive,2017
Destiny 2,2017
IRL,2017
Overwatch,2017
World of Warcraft,2017
Grand Theft Auto V,2017
FIFA 18,2017
Tom Clancy's Rainbow Six Siege,2017
League of Legends,2017
PLAYERUNKNOWN'S BATTLEGROUNDS,2017
Hearthstone,2017
Dota 2,2017
Counter-Strike: Global Offensive,2017
IRL,2017
FIFA 18,2017
Fortnite,2017
Warframe,2017
Overwatch,2017
Destiny 2,2017
World of Warcraft,2017
League of Legends,2017
PLAYERUNKNOWN'S BATTLEGROUNDS,2017
Dota 2,2017
Hearthstone,2017
Counter-Strike: Global Offensive,2017
IRL,2017
Fortnite,2017
Overwatch,2017
Call of Duty: WWII,2017
World of Warcraft,2017
Grand Theft Auto V,2017
FIFA 18,2017
League of Legends,2017
PLAYERUNKNOWN'S BATTLEGROUNDS,2017
Hearthstone,2017
Dota 2,2017
Fortnite,2017
IRL,2017
Counter-Strike: Global Offensive,2017
Overwatch,2017
World of Warcraft,2017
Grand Theft Auto V,2017
Path of Exile,2017
FIFA 18,2017
League of Legends,2018
Counter-Strike: Global Offensive,2018
PLAYERUNKNOWN'S BATTLEGROUNDS,2018
Fortnite,2018
Hearthstone,2018
Overwatch,2018
IRL,2018
Dota 2,2018
Sea of Thieves,2018
Grand Theft Auto V,2018
Monster Hunter: World,2018
World of Warcraft,2018
League of Legends,2018
Fortnite,2018
PLAYERUNKNOWN'S BATTLEGROUNDS,2018
Counter-Strike: Global Offensive,2018
Dota 2,2018
IRL,2018
Hearthstone,2018
Overwatch,2018
World of Warcraft,2018
Grand Theft Auto V,2018
Monster Hunter: World,2018
Tom Clancy's Rainbow Six Siege,2018
Fortnite,2018
League of Legends,2018
PLAYERUNKNOWN'S BATTLEGROUNDS,2018
Dota 2,2018
Overwatch,2018
IRL,2018
Counter-Strike: Global Offensive,2018
Hearthstone,2018
Sea of Thieves,2018
World of Warcraft,2018
Grand Theft Auto V,2018
Far Cry 5,2018
Fortnite,2018
League of Legends,2018
PLAYERUNKNOWN'S BATTLEGROUNDS,2018
Hearthstone,2018
Dota 2,2018
IRL,2018
Overwatch,2018
Counter-Strike: Global Offensive,2018
God of War,2018
World of Warcraft,2018
Grand Theft Auto V,2018
Tom Clancy's Rainbow Six Siege,2018
Fortnite,2018
League of Legends,2018
PLAYERUNKNOWN'S BATTLEGROUNDS,2018
IRL,2018
Dota 2,2018
Hearthstone,2018
Overwatch,2018
Counter-Strike: Global Offensive,2018
World of Warcraft,2018
Grand Theft Auto V,2018
Detroit: Become Human,2018
Tom Clancy's Rainbow Six Siege,2018
Fortnite,2018
League of Legends,2018
Dota 2,2018
IRL,2018
PLAYERUNKNOWN'S BATTLEGROUNDS,2018
Hearthstone,2018
E3 2018,2018
Overwatch,2018
Counter-Strike: Global Offensive,2018
Realm Royale,2018
Grand Theft Auto V,2018
World of Warcraft,2018
Fortnite,2018
League of Legends,2018
IRL,2018
PLAYERUNKNOWN'S BATTLEGROUNDS,2018
Dota 2,2018
Hearthstone,2018
Counter-Strike: Global Offensive,2018
Overwatch,2018
World of Warcraft,2018
Grand Theft Auto V,2018
Tom Clancy's Rainbow Six Siege,2018
Dead by Daylight,2018
Fortnite,2018
League of Legends,2018
Dota 2,2018
World of Warcraft,2018
IRL,2018
Hearthstone,2018
PLAYERUNKNOWN'S BATTLEGROUNDS,2018
Overwatch,2018
Counter-Strike: Global Offensive,2018
Grand Theft Auto V,2018
Tom Clancy's Rainbow Six Siege,2018
Monster Hunter: World,2018
Fortnite,2018
League of Legends,2018
Counter-Strike: Global Offensive,2018
World of Warcraft,2018
IRL,2018
Dota 2,2018
PLAYERUNKNOWN'S BATTLEGROUNDS,2018
Hearthstone,2018
Overwatch,2018
Destiny 2,2018
Call of Duty: Black Ops 4,2018
Marvel's Spider-Man,2018
Fortnite,2018
League of Legends,2018
Call of Duty: Black Ops 4,2018
Just Chatting,2018
Dota 2,2018
World of Warcraft,2018
Counter-Strike: Global Offensive,2018
PLAYERUNKNOWN'S BATTLEGROUNDS,2018
Hearthstone,2018
Red Dead Redemption 2,2018
Casino,2018
FIFA 19,2018
Fortnite,2018
League of Legends,2018
Just Chatting,2018
Dota 2,2018
Call of Duty: Black Ops 4,2018
Counter-Strike: Global Offensive,2018
Overwatch,2018
PLAYERUNKNOWN'S BATTLEGROUNDS,2018
World of Warcraft,2018
Hearthstone,2018
Casino,2018
"Pok<U+00E9>mon: Let's Go, Pikachu!",2018
Fortnite,2018
League of Legends,2018
Just Chatting,2018
Dota 2,2018
Hearthstone,2018
PLAYERUNKNOWN'S BATTLEGROUNDS,2018
Counter-Strike: Global Offensive,2018
Super Smash Bros. Ultimate,2018
Atlas,2018
Call of Duty: Black Ops 4,2018
Overwatch,2018
FIFA 19,2018
Fortnite,2019
League of Legends,2019
Just Chatting,2019
Dota 2,2019
Counter-Strike: Global Offensive,2019
PLAYERUNKNOWN'S BATTLEGROUNDS,2019
Hearthstone,2019
Overwatch,2019
FIFA 19,2019
World of Warcraft,2019
Sea of Thieves,2019
Call of Duty: Black Ops 4,2019
Apex Legends,2019
League of Legends,2019
Fortnite,2019
Just Chatting,2019
Dota 2,2019
Counter-Strike: Global Offensive,2019
Overwatch,2019
World of Warcraft,2019
PLAYERUNKNOWN'S BATTLEGROUNDS,2019
Hearthstone,2019
Grand Theft Auto V,2019
Tom Clancy's Rainbow Six Siege,2019
League of Legends,2019
Fortnite,2019
Grand Theft Auto V,2019
Apex Legends,2019
Just Chatting,2019
Dota 2,2019
Counter-Strike: Global Offensive,2019
Overwatch,2019
Sekiro: Shadows Die Twice,2019
PLAYERUNKNOWN'S BATTLEGROUNDS,2019
Hearthstone,2019
World of Warcraft,2019
Fortnite,2019
League of Legends,2019
Grand Theft Auto V,2019
Just Chatting,2019
Hearthstone,2019
Counter-Strike: Global Offensive,2019
Dota 2,2019
Overwatch,2019
Apex Legends,2019
PLAYERUNKNOWN'S BATTLEGROUNDS,2019
World of Warcraft,2019
Sekiro: Shadows Die Twice,2019
Fortnite,2019
League of Legends,2019
Grand Theft Auto V,2019
Just Chatting,2019
Dota 2,2019
World of Warcraft,2019
Counter-Strike: Global Offensive,2019
Overwatch,2019
Hearthstone,2019
PLAYERUNKNOWN'S BATTLEGROUNDS,2019
Apex Legends,2019
Auto Chess,2019
Fortnite,2019
League of Legends,2019
Just Chatting,2019
Grand Theft Auto V,2019
Dota 2,2019
World of Warcraft,2019
Overwatch,2019
Counter-Strike: Global Offensive,2019
Teamfight Tactics,2019
Special Events,2019
Hearthstone,2019
PLAYERUNKNOWN'S BATTLEGROUNDS,2019
Fortnite,2019
Teamfight Tactics,2019
League of Legends,2019
Grand Theft Auto V,2019
Just Chatting,2019
Dota 2,2019
Counter-Strike: Global Offensive,2019
World of Warcraft,2019
Overwatch,2019
Apex Legends,2019
PLAYERUNKNOWN'S BATTLEGROUNDS,2019
Minecraft,2019
Fortnite,2019
League of Legends,2019
Dota 2,2019
World of Warcraft,2019
Just Chatting,2019
Grand Theft Auto V,2019
Counter-Strike: Global Offensive,2019
Overwatch,2019
Minecraft,2019
Teamfight Tactics,2019
PLAYERUNKNOWN'S BATTLEGROUNDS,2019
Hearthstone,2019
World of Warcraft,2019
League of Legends,2019
Just Chatting,2019
Fortnite,2019
Counter-Strike: Global Offensive,2019
Grand Theft Auto V,2019
Dota 2,2019
Minecraft,2019
Overwatch,2019
FIFA 20,2019
PLAYERUNKNOWN'S BATTLEGROUNDS,2019
Hearthstone,2019
League of Legends,2019
Fortnite,2019
Just Chatting,2019
Counter-Strike: Global Offensive,2019
Grand Theft Auto V,2019
World of Warcraft,2019
Dota 2,2019
Apex Legends,2019
FIFA 20,2019
Call of Duty: Warzone,2019
PLAYERUNKNOWN'S BATTLEGROUNDS,2019
Minecraft,2019
League of Legends,2019
Just Chatting,2019
Fortnite,2019
Counter-Strike: Global Offensive,2019
Dota 2,2019
Grand Theft Auto V,2019
Pok<U+00E9>mon Sword/Shield,2019
Call of Duty: Warzone,2019
World of Warcraft,2019
Hearthstone,2019
FIFA 20,2019
Death Stranding,2019
Just Chatting,2019
League of Legends,2019
Fortnite,2019
Counter-Strike: Global Offensive,2019
Grand Theft Auto V,2019
Dota 2,2019
Hearthstone,2019
Escape From Tarkov,2019
World of Warcraft,2019
Path of Exile,2019
Call of Duty: Warzone,2019
FIFA 20,2019
League of Legends,2020
Just Chatting,2020
Escape From Tarkov,2020
Fortnite,2020
Dota 2,2020
Grand Theft Auto V,2020
Counter-Strike: Global Offensive,2020
World of Warcraft,2020
FIFA 20,2020
Hearthstone,2020
PLAYERUNKNOWN'S BATTLEGROUNDS,2020
Minecraft,2020
League of Legends,2020
Just Chatting,2020
Fortnite,2020
Counter-Strike: Global Offensive,2020
Escape From Tarkov,2020
Grand Theft Auto V,2020
Dota 2,2020
World of Warcraft,2020
Apex Legends,2020
Hearthstone,2020
Tom Clancy's Rainbow Six Siege,2020
Minecraft,2020
League of Legends,2020
Just Chatting,2020
Call of Duty: Warzone,2020
Counter-Strike: Global Offensive,2020
Fortnite,2020
Grand Theft Auto V,2020
Dota 2,2020
Animal Crossing: New Horizons,2020
Escape From Tarkov,2020
Hearthstone,2020
Minecraft,2020
Apex Legends,2020
VALORANT,2020
Just Chatting,2020
League of Legends,2020
Fortnite,2020
Counter-Strike: Global Offensive,2020
Call of Duty: Warzone,2020
Grand Theft Auto V,2020
Dota 2,2020
Minecraft,2020
World of Warcraft,2020
Hearthstone,2020
FIFA 20,2020
Just Chatting,2020
VALORANT,2020
League of Legends,2020
Fortnite,2020
Grand Theft Auto V,2020
Call of Duty: Warzone,2020
Counter-Strike: Global Offensive,2020
Dota 2,2020
Minecraft,2020
FIFA 20,2020
World of Warcraft,2020
Apex Legends,2020
Just Chatting,2020
League of Legends,2020
Fortnite,2020
Grand Theft Auto V,2020
Call of Duty: Warzone,2020
Escape From Tarkov,2020
Counter-Strike: Global Offensive,2020
VALORANT,2020
Dota 2,2020
Minecraft,2020
World of Warcraft,2020
The Last of Us Part II,2020
Just Chatting,2020
League of Legends,2020
Fortnite,2020
Grand Theft Auto V,2020
Call of Duty: Warzone,2020
VALORANT,2020
Minecraft,2020
Counter-Strike: Global Offensive,2020
Dota 2,2020
World of Warcraft,2020
Apex Legends,2020
Hearthstone,2020
Just Chatting,2020
League of Legends,2020
Fall Guys: Ultimate Knockout,2020
Fortnite,2020
Call of Duty: Warzone,2020
Grand Theft Auto V,2020
VALORANT,2020
Counter-Strike: Global Offensive,2020
Minecraft,2020
Dota 2,2020
Among Us,2020
World of Warcraft,2020
Just Chatting,2020
Among Us,2020
League of Legends,2020
Fortnite,2020
Call of Duty: Warzone,2020
Grand Theft Auto V,2020
Counter-Strike: Global Offensive,2020
Minecraft,2020
Dota 2,2020
VALORANT,2020
Fall Guys: Ultimate Knockout,2020
World of Warcraft,2020
Just Chatting,2020
League of Legends,2020
Among Us,2020
Fortnite,2020
Call of Duty: Warzone,2020
FIFA 21,2020
Counter-Strike: Global Offensive,2020
Grand Theft Auto V,2020
Minecraft,2020
Phasmophobia,2020
VALORANT,2020
Dota 2,2020
Just Chatting,2020
League of Legends,2020
Fortnite,2020
Among Us,2020
Minecraft,2020
Counter-Strike: Global Offensive,2020
World of Warcraft,2020
Grand Theft Auto V,2020
Call of Duty: Black Ops Cold War,2020
Call of Duty: Warzone,2020
FIFA 21,2020
Apex Legends,2020
Just Chatting,2020
Fortnite,2020
League of Legends,2020
World of Warcraft,2020
Minecraft,2020
Call of Duty: Warzone,2020
Cyberpunk 2077,2020
Grand Theft Auto V,2020
Counter-Strike: Global Offensive,2020
Escape From Tarkov,2020
Among Us,2020
FIFA 21,2020
Just Chatting,2021
Rust,2021
League of Legends,2021
Escape From Tarkov,2021
Fortnite,2021
Minecraft,2021
Call of Duty: Warzone,2021
Grand Theft Auto V,2021
Counter-Strike: Global Offensive,2021
FIFA 21,2021
VALORANT,2021
World of Warcraft,2021
Just Chatting,2021
League of Legends,2021
Grand Theft Auto V,2021
Fortnite,2021
Minecraft,2021
Call of Duty: Warzone,2021
VALORANT,2021
Counter-Strike: Global Offensive,2021
Apex Legends,2021
Rust,2021
Dota 2,2021
FIFA 21,2021
Just Chatting,2021
Grand Theft Auto V,2021
League of Legends,2021
Fortnite,2021
Call of Duty: Warzone,2021
Minecraft,2021
VALORANT,2021
Counter-Strike: Global Offensive,2021
Apex Legends,2021
Dota 2,2021
FIFA 21,2021
World of Warcraft,2021
Just Chatting,2021
Grand Theft Auto V,2021
League of Legends,2021
Call of Duty: Warzone,2021
Fortnite,2021
VALORANT,2021
Minecraft,2021
Counter-Strike: Global Offensive,2021
Apex Legends,2021
Dota 2,2021
FIFA 21,2021
World of Warcraft,2021
Just Chatting,2021
Grand Theft Auto V,2021
League of Legends,2021
VALORANT,2021
Call of Duty: Warzone,2021
Fortnite,2021
Minecraft,2021
Counter-Strike: Global Offensive,2021
Apex Legends,2021
Resident Evil Village,2021
Dota 2,2021
FIFA 21,2021
Just Chatting,2021
Grand Theft Auto V,2021
League of Legends,2021
Call of Duty: Warzone,2021
VALORANT,2021
Minecraft,2021
Fortnite,2021
Dota 2,2021
Counter-Strike: Global Offensive,2021
World of Warcraft,2021
Apex Legends,2021
Special Events,2021
Just Chatting,2021
Grand Theft Auto V,2021
League of Legends,2021
VALORANT,2021
Call of Duty: Warzone,2021
Fortnite,2021
Counter-Strike: Global Offensive,2021
Minecraft,2021
World of Warcraft,2021
Apex Legends,2021
Dota 2,2021
Escape from Tarkov,2021
Just Chatting,2021
Grand Theft Auto V,2021
League of Legends,2021
Apex Legends,2021
Fortnite,2021
VALORANT,2021
Minecraft,2021
Call of Duty: Warzone,2021
Counter-Strike: Global Offensive,2021
Dota 2,2021
Slots,2021
Dead by Daylight,2021
Just Chatting,2021
Grand Theft Auto V,2021
League of Legends,2021
VALORANT,2021
Minecraft,2021
Apex Legends,2021
Counter-Strike: Global Offensive,2021
Fortnite,2021
Call of Duty: Warzone,2021
New World,2021
FIFA 22,2021
Dota 2,2021
Just Chatting,2021
League of Legends,2021
Grand Theft Auto V,2021
Dota 2,2021
New World,2021
Counter-Strike: Global Offensive,2021
Minecraft,2021
VALORANT,2021
Apex Legends,2021
Fortnite,2021
FIFA 22,2021
Call of Duty: Warzone,2021
Just Chatting,2021
Grand Theft Auto V,2021
League of Legends,2021
Counter-Strike: Global Offensive,2021
Apex Legends,2021
VALORANT,2021
Minecraft,2021
Fortnite,2021
Teamfight Tactics,2021
Dota 2,2021
Call of Duty: Warzone,2021
FIFA 22,2021
Just Chatting,2021
Grand Theft Auto V,2021
VALORANT,2021
League of Legends,2021
Escape from Tarkov,2021
Fortnite,2021
Minecraft,2021
Call of Duty: Warzone,2021
Apex Legends,2021
Counter-Strike: Global Offensive,2021
Dota 2,2021
Teamfight Tactics,2021
